{"map": "Town01", "sp_x": 199.94998168945312, "sp_y": 326.9700012207031, "sp_z": 0.29999998211860657, "pitch": 0.0, "yaw": 179.999755859375, "roll": 0.0, "wp_x": 262.5999755859375, "wp_y": 327.04998779296875, "wp_z": 0.29999998211860657, "wp_yaw": 179.999755859375}