{"map": "Town01", "sp_x": 212.64230346679688, "sp_y": 326.2574462890625, "sp_z": 0.29999998211860657, "pitch": 0.0, "yaw": -179.99993896484375, "roll": 0.0, "wp_x": 142.91998291015625, "wp_y": 326.9700012207031, "wp_z": 0.29999998211860657, "wp_yaw": 179.999755859375}